Household_ID,Timestamp,Forecast_kWh,ForecastMethod
1001188,2024-02-28 23:00:00+00:00,0.046,same_slot_previous_week
1001188,2024-02-28 23:15:00+00:00,0.051,same_slot_previous_week
1001188,2024-02-28 23:30:00+00:00,0.049,same_slot_previous_week
1001188,2024-02-28 23:45:00+00:00,0.058,same_slot_previous_week
1001188,2024-02-29 00:00:00+00:00,0.099,same_slot_previous_week
1001188,2024-02-29 00:15:00+00:00,0.045,same_slot_previous_week
1001188,2024-02-29 00:30:00+00:00,0.056,same_slot_previous_week
1001188,2024-02-29 00:45:00+00:00,0.047,same_slot_previous_week
1001188,2024-02-29 01:00:00+00:00,0.051,same_slot_previous_week
1001188,2024-02-29 01:15:00+00:00,0.048,same_slot_previous_week
1001188,2024-02-29 01:30:00+00:00,0.047,same_slot_previous_week
1001188,2024-02-29 01:45:00+00:00,0.048,same_slot_previous_week
1001188,2024-02-29 02:00:00+00:00,0.049,same_slot_previous_week
1001188,2024-02-29 02:15:00+00:00,0.046,same_slot_previous_week
1001188,2024-02-29 02:30:00+00:00,0.052,same_slot_previous_week
1001188,2024-02-29 02:45:00+00:00,0.045,same_slot_previous_week
1001188,2024-02-29 03:00:00+00:00,0.051,same_slot_previous_week
1001188,2024-02-29 03:15:00+00:00,0.049,same_slot_previous_week
1001188,2024-02-29 03:30:00+00:00,0.052,same_slot_previous_week
1001188,2024-02-29 03:45:00+00:00,0.358,same_slot_previous_week
1001188,2024-02-29 04:00:00+00:00,0.438,same_slot_previous_week
1001188,2024-02-29 04:15:00+00:00,0.528,same_slot_previous_week
1001188,2024-02-29 04:30:00+00:00,0.523,same_slot_previous_week
1001188,2024-02-29 04:45:00+00:00,0.168,same_slot_previous_week
1001188,2024-02-29 05:00:00+00:00,0.057,same_slot_previous_week
1001188,2024-02-29 05:15:00+00:00,0.052,same_slot_previous_week
1001188,2024-02-29 05:30:00+00:00,0.049,same_slot_previous_week
1001188,2024-02-29 05:45:00+00:00,0.045,same_slot_previous_week
1001188,2024-02-29 06:00:00+00:00,0.05,same_slot_previous_week
1001188,2024-02-29 06:15:00+00:00,0.044,same_slot_previous_week
1001188,2024-02-29 06:30:00+00:00,0.049,same_slot_previous_week
1001188,2024-02-29 06:45:00+00:00,0.026,same_slot_previous_week
1001188,2024-02-29 07:00:00+00:00,0.038,same_slot_previous_week
1001188,2024-02-29 07:15:00+00:00,0.036,same_slot_previous_week
1001188,2024-02-29 07:30:00+00:00,0.009,same_slot_previous_week
1001188,2024-02-29 07:45:00+00:00,0.006,same_slot_previous_week
1001188,2024-02-29 08:00:00+00:00,0.0,same_slot_previous_week
1001188,2024-02-29 08:15:00+00:00,0.004,same_slot_previous_week
1001188,2024-02-29 08:30:00+00:00,0.0,same_slot_previous_week
1001188,2024-02-29 08:45:00+00:00,0.004,same_slot_previous_week
1001188,2024-02-29 09:00:00+00:00,0.0,same_slot_previous_week
1001188,2024-02-29 09:15:00+00:00,0.004,same_slot_previous_week
1001188,2024-02-29 09:30:00+00:00,0.074,same_slot_previous_week
1001188,2024-02-29 09:45:00+00:00,0.095,same_slot_previous_week
1001188,2024-02-29 10:00:00+00:00,0.047,same_slot_previous_week
1001188,2024-02-29 10:15:00+00:00,0.135,same_slot_previous_week
1001188,2024-02-29 10:30:00+00:00,0.076,same_slot_previous_week
1001188,2024-02-29 10:45:00+00:00,0.003,same_slot_previous_week
1001188,2024-02-29 11:00:00+00:00,0.004,same_slot_previous_week
1001188,2024-02-29 11:15:00+00:00,0.0,same_slot_previous_week
1001188,2024-02-29 11:30:00+00:00,0.047,same_slot_previous_week
1001188,2024-02-29 11:45:00+00:00,0.061,same_slot_previous_week
1001188,2024-02-29 12:00:00+00:00,0.015,same_slot_previous_week
1001188,2024-02-29 12:15:00+00:00,0.101,same_slot_previous_week
1001188,2024-02-29 12:30:00+00:00,0.004,same_slot_previous_week
1001188,2024-02-29 12:45:00+00:00,0.0,same_slot_previous_week
1001188,2024-02-29 13:00:00+00:00,0.006,same_slot_previous_week
1001188,2024-02-29 13:15:00+00:00,0.002,same_slot_previous_week
1001188,2024-02-29 13:30:00+00:00,0.005,same_slot_previous_week
1001188,2024-02-29 13:45:00+00:00,0.002,same_slot_previous_week
1001188,2024-02-29 14:00:00+00:00,0.01,same_slot_previous_week
1001188,2024-02-29 14:15:00+00:00,0.011,same_slot_previous_week
1001188,2024-02-29 14:30:00+00:00,0.002,same_slot_previous_week
1001188,2024-02-29 14:45:00+00:00,0.023,same_slot_previous_week
1001188,2024-02-29 15:00:00+00:00,0.023,same_slot_previous_week
1001188,2024-02-29 15:15:00+00:00,0.014,same_slot_previous_week
1001188,2024-02-29 15:30:00+00:00,0.079,same_slot_previous_week
1001188,2024-02-29 15:45:00+00:00,0.378,same_slot_previous_week
1001188,2024-02-29 16:00:00+00:00,0.381,same_slot_previous_week
1001188,2024-02-29 16:15:00+00:00,0.509,same_slot_previous_week
1001188,2024-02-29 16:30:00+00:00,0.33,same_slot_previous_week
1001188,2024-02-29 16:45:00+00:00,0.051,same_slot_previous_week
1001188,2024-02-29 17:00:00+00:00,0.161,same_slot_previous_week
1001188,2024-02-29 17:15:00+00:00,0.086,same_slot_previous_week
1001188,2024-02-29 17:30:00+00:00,0.041,same_slot_previous_week
1001188,2024-02-29 17:45:00+00:00,0.052,same_slot_previous_week
1001188,2024-02-29 18:00:00+00:00,0.047,same_slot_previous_week
1001188,2024-02-29 18:15:00+00:00,0.054,same_slot_previous_week
1001188,2024-02-29 18:30:00+00:00,0.05,same_slot_previous_week
1001188,2024-02-29 18:45:00+00:00,0.064,same_slot_previous_week
1001188,2024-02-29 19:00:00+00:00,0.067,same_slot_previous_week
1001188,2024-02-29 19:15:00+00:00,0.075,same_slot_previous_week
1001188,2024-02-29 19:30:00+00:00,0.075,same_slot_previous_week
1001188,2024-02-29 19:45:00+00:00,0.491,same_slot_previous_week
1001188,2024-02-29 20:00:00+00:00,0.154,same_slot_previous_week
1001188,2024-02-29 20:15:00+00:00,0.077,same_slot_previous_week
1001188,2024-02-29 20:30:00+00:00,0.06,same_slot_previous_week
1001188,2024-02-29 20:45:00+00:00,0.311,same_slot_previous_week
1001188,2024-02-29 21:00:00+00:00,0.697,same_slot_previous_week
1001188,2024-02-29 21:15:00+00:00,0.235,same_slot_previous_week
1001188,2024-02-29 21:30:00+00:00,0.059,same_slot_previous_week
1001188,2024-02-29 21:45:00+00:00,0.048,same_slot_previous_week
1001188,2024-02-29 22:00:00+00:00,0.059,same_slot_previous_week
1001188,2024-02-29 22:15:00+00:00,0.042,same_slot_previous_week
1001188,2024-02-29 22:30:00+00:00,0.052,same_slot_previous_week
1001188,2024-02-29 22:45:00+00:00,0.043,same_slot_previous_week
