EvaluationDate,ActualPortfolio_kWh,ForecastPortfolio_kWh,Error_kWh,ScoredIntervals
2024-01-01,45.506,34.934,-10.572000000000003,96
2024-01-02,55.757,40.153999999999996,-15.603000000000002,96
2024-01-03,35.158,45.426,10.268,96
2024-01-04,38.727999999999994,43.086,4.358000000000004,96
2024-01-05,44.351,33.448,-10.902999999999999,96
2024-01-06,58.486999999999995,49.037,-9.449999999999996,96
2024-01-07,57.449,50.586999999999996,-6.862000000000002,96
2024-01-08,64.08099999999999,45.506,-18.57499999999999,96
2024-01-09,68.82499999999999,55.757,-13.06799999999999,96
2024-01-10,58.352999999999994,35.158,-23.194999999999993,96
2024-01-11,64.783,38.727999999999994,-26.055000000000007,96
2024-01-12,66.542,44.351,-22.191000000000003,96
2024-01-13,81.756,58.486999999999995,-23.269000000000005,96
2024-01-14,64.087,57.449,-6.638000000000005,96
2024-01-15,54.399,64.08099999999999,9.681999999999988,96
2024-01-16,50.707,68.82499999999999,18.117999999999988,96
2024-01-17,42.803,58.352999999999994,15.549999999999997,96
2024-01-18,39.249,64.783,25.534,96
2024-01-19,59.543000000000006,66.542,6.998999999999995,96
2024-01-20,61.919999999999995,81.756,19.836000000000006,96
2024-01-21,61.218,64.087,2.8689999999999998,96
2024-01-22,42.336999999999996,54.399,12.062000000000005,96
2024-01-23,39.193,50.707,11.514000000000003,96
2024-01-24,33.501,42.803,9.302,96
2024-01-25,30.720000000000006,39.249,8.528999999999996,96
2024-01-26,37.137,59.543000000000006,22.406000000000006,96
2024-01-27,45.664,61.919999999999995,16.255999999999993,96
2024-01-28,49.423,61.218,11.795000000000002,96
2024-01-29,48.26,42.336999999999996,-5.923000000000002,96
2024-01-30,41.503,39.193,-2.3100000000000023,96
2024-01-31,38.966,33.501,-5.465000000000003,96
2024-02-01,37.898,30.720000000000006,-7.177999999999997,96
2024-02-02,39.34,37.137,-2.203000000000003,96
2024-02-03,39.626000000000005,45.664,6.037999999999997,96
2024-02-04,37.269999999999996,49.423,12.153000000000006,96
2024-02-05,32.874,48.26,15.385999999999996,96
2024-02-06,34.116,41.503,7.3870000000000005,96
2024-02-07,34.330999999999996,38.966,4.635000000000005,96
2024-02-08,28.270000000000003,37.898,9.628,96
2024-02-09,35.199,39.34,4.141000000000005,96
2024-02-10,42.244,39.626000000000005,-2.617999999999995,96
2024-02-11,42.354,37.269999999999996,-5.084000000000003,96
2024-02-12,35.186,32.874,-2.3119999999999976,96
2024-02-13,29.709000000000003,34.116,4.4069999999999965,96
2024-02-14,27.881,34.330999999999996,6.449999999999996,96
2024-02-15,30.031,28.270000000000003,-1.7609999999999957,96
2024-02-16,26.3,35.199,8.898999999999997,96
2024-02-17,38.473000000000006,42.244,3.7709999999999937,96
2024-02-18,33.775999999999996,42.354,8.578000000000003,96
2024-02-19,27.804,35.186,7.3820000000000014,96
2024-02-20,28.837999999999997,29.709000000000003,0.8710000000000058,96
2024-02-21,29.246,27.881,-1.3649999999999984,96
2024-02-22,32.705,30.031,-2.6739999999999995,96
2024-02-23,37.275999999999996,26.3,-10.975999999999996,96
2024-02-24,37.650999999999996,38.473000000000006,0.8220000000000098,96
2024-02-25,38.29299999999999,33.775999999999996,-4.516999999999996,96
2024-02-26,35.523,27.804,-7.719000000000005,96
2024-02-27,28.891000000000002,28.837999999999997,-0.05300000000000438,96
